"Kategori","Namn","Ämnesområden","Typiska Plattformar","Analys av Position"
"Politiska Kommentatorer","Lena Mellin","Inrikespolitik, partianalys, regeringsbildning, politisk historia.","Aftonbladet (numera pensionerad men fortfarande inflytelserik)","Pragmatisk, socialdemokratiskt färgad men med fokus på maktspelet snarare än ideologi. Känd för sin ""inifrånblick"" och förmåga att förklara komplexa politiska turer."
"Politiska Kommentatorer","Mats Knutson","Inrikespolitik, partiledardebatter, valrörelser.","SVT (Sveriges Television)","Klassisk public service-profil. Strävar efter objektivitet och neutralitet. Fokuserar på att förklara händelseförlopp och analysera partiernas strategiska val. Hans position är institutionell."
"Politiska Kommentatorer","Ewa Stenberg","Inrikespolitik, politisk analys, EU-politik.","Dagens Nyheter (DN)","Tydligt liberalt perspektiv. Analyserar ofta svensk politik i ett bredare, europeiskt sammanhang. Skarp och ofta kritisk mot både höger- och vänsterpopulism."
"Politiska Kommentatorer","Viktor Barth-Kron","Inrikespolitik, politisk kultur, mediekritik.","Expressen, Kvartal","Ofta oförutsägbar och analytiskt skarp. Kan beskrivas som mitten-höger eller liberalkonservativ, men är främst känd för sin kritik av politisk klåfingrighet, symbolpolitik och mediedrev, oavsett avsändare."
"Politiska Kommentatorer","My Rohwedder","Inrikespolitik, med fokus på Moderaterna och högerblocket.","Aftonbladet","Socialdemokratisk utgångspunkt. Har en djup kunskap om högerpartiernas inre liv och strategier, och hennes analyser präglas ofta av att belysa sprickor och ideologiska förflyttningar inom borgerligheten."
"Politiska Kommentatorer","Maggie Strömberg","Inrikespolitik, valanalys, ungdomspolitik.","Expressen","Liberalt orienterad med fokus på unga väljare och samhällstrender. Känd för insiktsfulla analyser av väljarbeteenden."
"Politiska Kommentatorer","Göran Eriksson","Politik, ekonomi, internationella relationer.","Svenska Dagbladet","Borgerlig-konservativ, betonar ekonomisk politik och EU-frågor i ett svenskt sammanhang."
"Politiska Kommentatorer","Karin Pettersson","Socialdemokrati, jämlikhet, internationell politik.","Aftonbladet","Vänsterorienterad, stark förespråkare för välfärdsstaten och kritik mot nyliberalism."
"Politiska Kommentatorer","Per Gudmundson","Säkerhetspolitik, migration, högerpolitik.","Svenska Dagbladet (tidigare)","Konservativ, ofta kritisk mot vänsterpolitik och fokuserad på nationell säkerhet."
"Politiska Kommentatorer","Niklas Svensson","Politiska skandaler, partiledare, valrörelser.","Expressen","Neutral men skarp, känd för scoops och direkta intervjuer med politiker."
"Politiska Kommentatorer","Tomas Ramberg","Inrikespolitik, budget, partistrategier.","Sveriges Radio","Public service-neutral, djup kunskap om riksdagspolitik."
"Politiska Kommentatorer","Ulf Kristofferson","Politiska analyser, opinionsmätningar.","TV4","Objektiv, fokuserar på data och trender i väljaropinionen."
"Politiska Kommentatorer","Elisabeth Marmorstein","Regeringsfrågor, partiledare.","SVT","Neutral, insiktsfull i dagliga politiska händelser."
"Politiska Kommentatorer","Amanda Sokolnicki","Politik, samhälle, liberalism.","Dagens Nyheter","Liberal, analyserar politik ur ett värderingsbaserat perspektiv."
"Politiska Kommentatorer","Daniel Suhonen","Vänsterpolitik, jämlikhet, fackfrågor.","Katalys, Aftonbladet","Socialdemokratisk, kritisk mot högerpolitik och nyliberalism."
"Politiska Kommentatorer","Fredrik Furtenbach","Politik, riksdagen, lagstiftning.","Sveriges Radio","Neutral, expert på parlamentariska processer."
"Politiska Kommentatorer","Helena Gissén","Inrikespolitik, partier.","SVT","Objektiv, analyserar partiers interna dynamik."
"Politiska Kommentatorer","Anders Pihlblad","Politiska intervjuer, samhälle.","TV4","Neutral, känd för morgonprogram och direkta samtal."
"Politiska Kommentatorer","Jenny Strömstedt","Samhälle, politik, kultur.","TV4","Liberal, blandar personliga reflektioner med analys."
"Politiska Kommentatorer","Pontus Mattsson","Utrikespolitik, säkerhet.","Sveriges Radio","Neutral, fokuserar på internationella relationer."
"Politiska Kommentatorer","Katarina Barrling","Partikultur, ideologi.","Uppsala Universitet, media","Akademisk neutral, analyserar partiers utveckling."
"Politiska Kommentatorer","Jonas Hinnfors","Politikvetenskap, vänsterpolitik.","Göteborgs Universitet, media","Neutral forskare, fokuserar på socialdemokrati."
"Politiska Kommentatorer","Marja Lemne","Offentlig förvaltning, politik.","Stockholms Universitet, media","Neutral, expert på statsvetenskap."
"Politiska Kommentatorer","Jenny Madestam","Partiledare, valrörelser.","Södertörns Högskola, TV","Neutral, ofta i paneldebatter."
"Politiska Kommentatorer","Stig-Björn Ljunggren","Vänsterpolitik, samhälle.","Kolumner, podcast","Socialdemokratisk, humoristisk analys."
"Politiska Kommentatorer","Anders Holmberg","Inrikespolitik, intervjuer.","SVT (programledare Agenda, 30 minuter)","Känd för sin lugna men uthålliga intervjuteknik – en svensk motsvarighet till BBC-hardtalkstil. Gräver efter svar från makthavare med artighet men envishet. Har intervjuat alla tunga politiker och vunnit respekt över blockgränserna. Ideologiskt oberoende (public service), fokuserar på att blottlägga politikers otydligheter. Hans intervjuprogram 30 minuter har blivit ett måste för politikintresserade."
"Ledarskribenter","Peter Wolodarski","Världspolitik, demokrati, liberalism, nationalism, svensk inrikespolitik.","Dagens Nyheter (Chefredaktör)","Sveriges kanske mest inflytelserika liberala röst. Internationalistisk, starkt pro-europeisk och en obeveklig kritiker av populism, nationalism (särskilt Sverigedemokraterna) och auktoritära regimer."
"Ledarskribenter","Tove Lifvendahl","Borgerlig idédebatt, frihet, marknadsekonomi, konservatism.","Svenska Dagbladet (Politisk chefredaktör)","Ledande moderat/liberalkonservativ röst. Argumenterar för individuell frihet, lägre skatter och en starkare försvarsmakt. Formulerar ofta den intellektuella grunden för svensk högerpolitik."
"Ledarskribenter","Anders Lindberg","Välfärdsfrågor, arbetsmarknad, jämlikhet, kritik mot högern.","Aftonbladet (Politisk chefredaktör)","Tydligt socialdemokratisk och fackföreningsnära. Driver en polemisk linje mot borgerlig politik, marknadslösningar i välfärden och försvarar den svenska modellen ur ett vänsterperspektiv."
"Ledarskribenter","Alex Schulman","Kultur, relationer, samtidsobservationer.","Dagens Nyheter","Även om han är kolumnist snarare än politisk ledarskrivent, har han ett enormt inflytande på den urbana medelklassens samtidsförståelse. Hans position är ofta en melankolisk och självutlämnande analys av moderna fenomen och mänskliga relationer."
"Ledarskribenter","Göran Greider","Vänsterdebatt, klassfrågor, miljö, kulturkritik.","Dala-Demokraten (Chefredaktör), Aftonbladet Kultur","En av Sveriges mest profilerade vänsterintellektuella. Klassisk socialist, men med ett starkt inslag av landsbygdsperspektiv och kritik mot urban elitism."
"Ledarskribenter","Åsa Linderborg","Kulturpolitik, klassfrågor, vänsterkritik.","Aftonbladet Kultur (tidigare)","Radikal vänster, kritisk mot elitism och ofta engagerad i kulturdebatter."
"Ledarskribenter","Karin Olsson","Medier, kultur, samhällsdebatt.","Expressen","Liberal, fokuserar på yttrandefrihet och mediekritik."
"Ledarskribenter","Johan Hakelius","Samhällskritik, politik, kultur.","Fokus","Konservativ med humoristisk ton, kritisk mot politisk korrekthet."
"Ledarskribenter","Susanna Silfverskiöld","Borgerlig politik, ekonomi, familjepolitik.","Göteborgs-Posten","Liberal-konservativ, betonar individuella rättigheter och marknadslösningar."
"Ledarskribenter","Hanne Kjöller","Välfärd, rättsväsende, samhällsanalys.","Dagens Nyheter","Liberal, känd för faktagranskning och kritik mot systemfel."
"Ledarskribenter","Patrik Kronqvist","Klimat, energi, politik.","Expressen","Liberal, betonar hållbarhet och marknadslösningar."
"Ledarskribenter","Lydia Wålsten","Ekonomi, borgerlig politik.","Svenska Dagbladet","Konservativ, fokuserar på skatt och näringsliv."
"Ledarskribenter","Jonna Sima","Vänsterdebatt, feminism, samhälle.","Aftonbladet","Socialdemokratisk, engagerad i genus och jämlikhetsfrågor."
"Ledarskribenter","Sakine Madon","Yttrandefrihet, integration, liberalism.","Expressen","Liberal, kritisk mot både vänster och höger extremister."
"Ledarskribenter","Paulina Neuding","Kriminalitet, migration, samhälle.","Kvartal","Konservativ, fokuserar på lag och ordning."
"Ledarskribenter","Erik Helmerson","Religion, etik, samhälle.","Dagens Nyheter","Liberal, ofta filosofisk i sina analyser."
"Ledarskribenter","Malin Lernfelt","Familj, välfärd, liberalism.","Göteborgs-Posten","Liberal, betonar individuella val."
"Ledarskribenter","Andreas Johansson Heinö","Demokrati, integration, politik.","Timbro, Kvartal","Liberal-konservativ, forskarbakgrund i analyser."
"Ledarskribenter","Karin Pihl","Ungdomsfrågor, utbildning.","Göteborgs-Posten","Liberal, kritisk mot statlig styrning."
"Ledarskribenter","Maria Ludvigsson","Borgerlig idédebatt, kultur.","Svenska Dagbladet","Konservativ, elegant i sin prosa."
"Ledarskribenter","Lars Åberg","Integration, samhälle.","Oberoende, böcker","Kritisk mot multikulturalism, oberoende."
"Ledarskribenter","Alice Teodorescu","Borgerlig politik, juridik.","M-ledare, kolumner","Konservativ, betonar rättsstaten."
"Ledarskribenter","Per Lindgren","Kultur, politik.","Aftonbladet","Vänster, litterär bakgrund."
"Ledarskribenter","Anna Dahlberg","Utrikespolitik, säkerhet.","Expressen","Liberal, fokuserar på globala hot."
"Ledarskribenter","Federley Fredrick","EU-politik, liberalism.","Tidigare politiker, media","Liberal, pro-EU."
"Ledarskribenter","Pernilla Ericson","Inrikespolitik, jämställdhet, kriminalpolitik.","Aftonbladet (tidigare ledarskribent), Svenska Dagbladet (ledarskribent)","Socialliberal röst som lyfter feministiska perspektiv och rättsfrågor. Har drivit på debatt om exempelvis mäns våld mot kvinnor och behovet av starkare lagstiftning. Ericsons ton är analytisk och engagerad; hon kombinerar empiri med personlig passion. Som opinionsbildare för hon in frågor om jämlikhet högt på dagordningen."
"Ledarskribenter","Oisin Cantwell","Inrikespolitik, juridik, kriminalfall.","Aftonbladet (kolumnist, kriminalreporter)","Välkänd kolumnist med socialt patos och skarp penna. Belyser orättvisor i rättssystemet, polisfrågor och socialpolitik. Hans stil kan vara bitsk men också eftertänksam med inslag av humor. Återkommande teman är brott och straff, klassklyftor och politikers ansvar. Cantwells analyser anses träffsäkra och läses av många för att förstå komplexa rättsfrågor ur ett mänskligt perspektiv."
"Ledarskribenter","Jan Guillou","Inrikes- och utrikespolitik, försvar, historia.","Aftonbladet (kolumnist), författare","Veteran inom svensk journalistik och skönlitteratur. Som kolumnist på AB är Guillou provokativ och ideologiskt färgad av vänsterantiimperialism. Han skriver med stor självssäkerhet, kritiserar USA och övervakningssamhället och försvarar ofta sekulära, socialdemokratiska ideal. Hans stil är polemisk, med retoriska spetsfundigheter och historiska paralleller."
"Ledarskribenter","Björn Wiman","Kultur, klimat, samhälle.","Dagens Nyheter (kulturchef)","En drivande kulturjournalist som gjort klimatet till en hjärtefråga. Hans söndagsessäer och krönikor knyter ihop kulturfenomen med etik och politik. Wiman argumenterar humanistiskt och moraliskt, ofta om faran med antisemitism eller vikten av klimatkamp. Ideologiskt liberal- humanist, med en alarmistisk ton i klimatfrågan som engagerar många läsare."
"Ledarskribenter","Mattias Svensson","Politik, idédebatt, miljö.","Svenska Dagbladet (ledarskribent)","Libertariansk debattör som givit borgerlig idédebatt nya infallsvinklar. Känd från magasinet Neo och böcker om t.ex. förbudspolitik. På SvD:s ledarsida argumenterar han för individuell frihet, marknadslösningar och ifrågasätter statligt förmynderi (t.ex. alkoholmonopol, miljöregleringar) – samtidigt är han en av få liberala röster som tar klimatfrågan på allvar men förespråkar tekniska innovationer. Hans stil är slagfärdig och kunskapsrik."
"Ledarskribenter","Isobel Hadley-Kamptz","Politik, integritet, tech.","Frilans (tidigare Expressen, Focus)","Liberalt sinnad skribent med integritetsfrågor och socialpolitik som profil. Hon skriver personligt och analytiskt om t.ex. övervakning, drogpolitik och social utsatthet. Hennes ton är reflekterande, ibland litterär. Som oberoende röst (bl.a. på Substack) når hon trogna läsare som uppskattar hennes blandning av intellektuell skärpa och empati."
"Ledarskribenter","Patrik Oksanen","Säkerhetspolitik, försvar, desinformation.","Mittmedia (tidigare politikredaktör), Säkerhetsrådet (SvD)","En av Sveriges mest lästa försvars- och säkerhetspolitiska skribenter under senare år. Tidigt varnade han för rysk desinformation och behovet av stärkt totalförsvar. Oksanen skriver djupa analyser om NATO, cybersäkerhet och psykologiskt försvar. Ideologiskt liberal- konservativ, driver på för robust försvar av demokratin. Flitig i sociala medier och poddar, vilket ger stor spridning."
"Ledarskribenter","Olov Abrahamsson","Politik, norrländskt perspektiv.","NSD (politisk chefredaktör), Arbetet (krönikör)","En respekterad socialdemokratisk röst från norr. Abrahamsson skriver om rikspolitik med regional förankring, ofta försvarande glesbygdens och industrins intressen. Ideologiskt är han arbetarrörelsens klassiske företrädare, med pragmatisk hållning. Hans ledartexter i Norrländska Socialdemokraten når en lokal publik men citeras ibland även nationellt i frågor som gruvnäring, arbetsmarknad och S- partiets kurs."
"Ledarskribenter","Helle Klein","Politik, religion, arbetsliv.","Dagens Arbete (chefredaktör), tidigare Aftonbladet (politisk redaktör)","Socialdemokratisk profil som förenar journalistik och teologi (hon är präst). Som AB AB:s politiske redaktör på 2000-talet formade hon vänsterdebatten; idag leder hon fackförbundspressen med fokus på arbetsmiljö och rättvisa. Hennes texter är passionerade, med etisk dimension – hon knyter kristen solidaritet till politik. Fortfarande en inflytelserik röst inom arbetarrörelsen, ofta aktiv i debatter om pressetik och demokratifrågor."
"Ledarskribenter","Lena Andersson","Samhällsfilosofi, politik.","Dagens Nyheter (kolumnist), författare","En av få kolumnister som regelbundet utlöser kulturdebatt. Andersson skriver essäistiska texter där hon med filosofisk stringens diskuterar moral, religion, könsroller och politik (hon väckte stor debatt med sina ifrågasättanden av metoo). Hon intar ofta ett sekulärt, rationalistiskt perspektiv – ideologiskt svårplacerad men lutar mot klassiskt liberal individualism. Hennes torra, analytiska stil uppskattas av många för intellektuell skärpa, medan andra kritiserar henne som provocerande."
"Ledarskribenter","Per Svensson","Liberal demokrati, högerextremism.","Dagens Nyheter (senior columnist)","Före detta kulturchef på Expressen, nu DN:s “idéredaktör” och ledande röst mot högerpopulism. Svensson skriver långa, historiskt grundade essäer om liberalismens värden, varnar för extremnationalism och försvarar EU, oberoende rättsväsende m.m. Hans språk är akademiskt och elegant. Som författare har han skildrat svenska högerextrema rörelsers historia. Som ideologisk väktare för mittenliberala ideal i offentligheten."
"Ledarskribenter","Lisa Magnusson","Opinion, samhälle.","Dagens Nyheter (ledarskribent)","En liberalt sinnad, ibland libertariansk, ledarskribent känd för sin franka stil och ovilja att väja för känsliga ämnen. Hon har skrivit om allt från tiggeriförbud (där hon intog en impopulär men principiell hållning) till könsroller, ofta med oväntade infallsvinklar. Magnusson argumenterar för individuell frihet och ansvar, kritiserar moralism både från höger och vänster. Hennes provokativa ansatser har gett eko i sociala medier, men hon har en trogen läsekrets som uppskattar hennes klarspråk."
"Ledarskribenter","Sanna Rayman","Politik, välfärd.","Altinget (redaktör), tidigare Svenska Dagbladet (ledarskribent)","En borgerlig skribent med socialliberal ton. På SvD gjorde hon sig känd för vassa kommentarer om allt från integrationspolitik till kulturbråk, ofta med fokus på pragmatiska lösningar. Nu på Altinget (politiknyhetssajt) håller hon den politiska debatten levande i en mer nischad krets. Raymans stil är rappt analytisk, och hon är respekterad även av meningsmotståndare för sin stringens."
"Ledarskribenter","Ann-Charlotte Marteus","Samhälle, självreflektion.","Expressen (ledarskribent)","Hade många år på Expressens ledarsida där hon initialt drev hård linje i invandringskritik, men gjorde en uppmärksammad självkritik 2015 om att hon bidragit till “onödig alarmism”. Denna självreflektion blev mycket läst och respektfullt mottagen. Marteus fortsatte sedan på en mer eftertänksam linje – hon skriver med personlig röst om samhällsutmaningar, där hon förespråkar humanism och förnuft framför polariserande retorik."
"Ledarskribenter","Natalia Kazmierska","Samhälle, populärkultur.","Expressen (kolumnist), tidigare Aftonbladet","En journalist med rötter i kulturjournalistiken som blivit en slagfärdig kolumnist om aktuella samhällsfenomen. Hon kan skriva om allt från dokusåpor till sjukvårdspolitik med personlig vinkel och satir. År 2019 hade en av hennes Aftonbladet- kolumner om kaos i sjukvårdsleveranser näst högst läsning bland kolumnerna. Ideologiskt något vänster, men ofta kritisk mot både regeringar och kulturella trender. Hennes kvicka språkbruk och popkulturella referenser gör hennes texter lättillgängliga."
"Ledarskribenter","Malin Wollin","Familjeliv, samhälle, humor.","Aftonbladet (kolumnist)","En av Aftonbladets mest lästa krönikörer under 2010-talet – hennes vassa, humoristiska textsjok om vardagsliv, relationer och ibland politik engagerade enormt. 2019 skrev hon årets mest lästa kolumn i AB, om bensinupproret, vilken dela"
"Grävande Reportrar","Uppdrag Granskning","Korruption, missförhållanden i offentlig sektor, extremism, näringslivsskandaler.","SVT (Sveriges Television)","En institution, inte en person. Deras metod är att genomföra djupgående, ofta konfrontativa, granskningar. De har ingen egen politisk position, men deras arbete leder ofta till politiska konsekvenser och lagändringar."
"Grävande Reportrar","David Baas","Högerextremism, politiska skandaler, partiernas inre liv.","Expressen","Har genomfört en rad uppmärksammade avslöjanden om Sverigedemokraterna och andra partier. Hans journalistik är faktabaserad och ofta beroende av anonyma källor och dold research."
"Grävande Reportrar","Carolina Jemsby","Välfärdsfrågor, skola, sjukvård, missförhållanden.","Kalla Fakta (TV4)","Känd för sina reportage som ofta belyser hur systemfel drabbar enskilda individer. Hon ger röst åt de svaga och hennes arbete har lett till flera debatter om välfärdens utformning."
"Grävande Reportrar","Andreas Cervenka","Näringsliv, ekonomisk ojämlikhet, riskkapital, fastighetsmarknaden.","Aftonbladet (tidigare SvD)","Sveriges ledande kritiska ekonomijournalist. Hans position är att granska maktkoncentrationen i näringslivet och hur finansmarknaden påverkar vanliga människor. Boken ""Girig-Sverige"" är ett landmärke."
"Grävande Reportrar","Janne Josefsson","Korruption, myndighetsmissbruk, samhällsgranskning.","SVT Uppdrag Granskning","Objektiv public service, känd för konfrontativa intervjuer och djupgående reportage."
"Grävande Reportrar","Fredrik Laurin","Internationell korruption, miljöbrott, säkerhet.","SVT, ICIJ","Internationellt orienterad, fokuserar på globala granskningar med faktabaserad approach."
"Grävande Reportrar","Bo-Göran Bodin","Politiska skandaler, ekonomi, samhälle.","Sveriges Radio","Neutral, specialiserad på ljudbaserad journalistik och djupintervjuer."
"Grävande Reportrar","Carolina Neurath","Ekonomi, finansskandaler, näringsliv.","SVT, böcker","Kritisk mot finanseliten, betonar transparens och rättvisa."
"Grävande Reportrar","Mathias Ståhle","Extremism, rasism, samhällsfrågor.","Expressen","Fokuserar på högerextremism, använder undercover-metoder."
"Grävande Reportrar","Ali Fegan","Samhällsgranskning, extremism.","SVT Uppdrag Granskning","Objektiv, känd för avslöjanden inom politik och samhälle."
"Grävande Reportrar","Joachim Dyfvermark","Korruption, vapenhandel.","SVT","Internationellt fokuserad, granskar globala affärer."
"Grävande Reportrar","Linda Larsson Kakuli","Välfärd, missförhållanden.","TV4 Kalla Fakta","Fokuserar på sociala frågor och enskilda öden."
"Grävande Reportrar","Daniel Öhman","Miljö, djurrätt, samhälle.","Sveriges Radio","Kritisk mot industrier, använder faktabaserad research."
"Grävande Reportrar","Monica Saarinen","Politik, samhälle.","Sveriges Radio Ekot","Neutral, specialiserad på inrikes nyhetsgranskning."
"Grävande Reportrar","Trond Sefastsson","Korruption, politik.","TV4 Kalla Fakta","Erfaren, fokuserar på politiska affärer."
"Grävande Reportrar","Lars Åström","Ekonomi, skandaler.","SVT","Neutral, granskar finansiella oegentligheter."
"Grävande Reportrar","Karin Mattisson","Samhälle, välfärd.","SVT Uppdrag Granskning","Fokuserar på sociala systemfel."
"Grävande Reportrar","Ulf Johansson","Politik, extremism.","SVT","Känd för långa granskningar."
"Grävande Reportrar","Anna Jaktell","Miljö, hälsa.","Sveriges Radio","Kritisk mot industrier och myndigheter."
"Grävande Reportrar","Hasse Aro","Kriminalitet, samhälle.","TV3 Efterlyst","Neutral, fokuserar på brottsoffer."
"Grävande Reportrar","Diamant Salihu","Gängkriminalitet, samhälle.","SVT","Fokuserar på urbana problem."
"Grävande Reportrar","Lasse Wierup","Organiserad brottslighet.","Böcker, DN","Kritisk mot kriminalpolitik."
"Grävande Reportrar","Federico Moreno","Samhälle, integration.","Göteborgs-Posten","Granskar lokala frågor."
"Grävande Reportrar","Kerstin Weigl","Våld mot kvinnor, samhälle.","Aftonbladet","Feministisk vinkel på granskningar."
"Grävande Reportrar","Niklas Orrenius","Undersökande journalistik, extremism, integration.","Dagens Nyheter (reporter)","En av Sveriges mest prisade reportrar, känd som en “journalistisk fyrbåk i samhällsmörkret” enligt motiveringar . Orrenius skriver djuplodande reportage om främlingsfientlighet, religiös extremism och hot mot demokrati. Hans stil präglas av lugn, empatisk närvaro och klinisk precision  – han ger röst åt utsatta samtidigt som han granskar maktmissbruk. Hans arbeten om t.ex. nazism och terror har stor genomslagskraft och har belönats med bl.a. Stora Journalistpriset."
"Grävande Reportrar","Matilda Gustavsson","Undersökande kulturjournalistik.","Dagens Nyheter (reporter)","Blev rikskänd 2017–2018 genom sin granskning av Kulturprofilen och Svenska Akademien. Hennes metodiska avslöjanden om sexövergrepp inom kulturvärlden startade #metoo i Sverige och gav henne Stora Journalistpriset. Gustavssons journalistik kombinerar kulturkunskap med undersökande skärpa. Hon fortsätter bevaka maktmissbruk i kultursektorn med ett elegant men oförskräckt språk."
"Grävande Reportrar","Bilan Osman","Antirasism, högerextremism.","Expo (journalist)","En stark ung röst som bevakar den svenska extremhögern och islamofobin. Osman skriver i tidskriften Expo och i kolumner (ibland i mainstream-press) om hatideologier och integrationsfrågor. Hon är frispråkig och ideologiskt antirasistisk, med fokus på att ge röst åt muslimer och minoriteter som utsätts för hat. Genom folkbildning och tydligt ställningstagande har hon blivit en ledande opinionsbildare mot rasism."
"Grävande Reportrar","Josefine Hökerberg","Undersökande journalistik, lokal samhälle.","Dagens Nyheter (reporter)","Belönad DN-journalist som avslöjade missförhållanden kring barn med skyddade identiteter som isolerades (fallet “Lilla hjärtat” m.fl.). Hennes gräv 2022 om barn som hölls gömda i Husby under sektliknande former blev ett av årets mest uppmärksammade reportage. Hökerberg fokuserar på sociala skyddsfrågor och lyckas ofta få fram förtroenden från sårbara människor. Hennes texter är gripande men också skarpa i kritiken mot myndigheter – klassisk granskning i modernt snitt som genererar bred läsning."
"Grävande Reportrar","Kerstin Weigl & Kristina Edblom","Socialreportage, kvinnovåld.","Aftonbladet (reportersduo)","Dessa två reportrar drev det fleråriga projektet “Det dödliga våldet mot kvinnor” i AB, där de namngav alla kvinnor som dödats av män under 2000-talet. Projektet blev banbrytande och belönades med Stora Journalistpriset 2018. Weigl och Edblom gav ansikten åt statistik och förändrade den offentliga debatten om våld i nära relationer. Deras journalistik är djupt empatisk, noggrann och ihärdig – vilket resulterade i att ämnet prioriterades politiskt och av allmänheten."
"Grävande Reportrar","Gellert Tamas","Undersökande journalistik, sociala frågor.","Författare, dokumentärfilmare","Skrev reportageboken Lasermannen och De apatiska barnen, som båda ledde till enorm debatt. Även om han inte dagligen syns i pressen är Tamas en av de mest lästa grävande journalisterna i bokform – han populariserade “journalistik mellan pärmarna”. Han arbeten kring främlingsfientlighet och övergrepp mot invandrare har påverkat policy och opinion djupt. Tamas är tydligt antirasistisk och moraliskt indignerad i sin stil, men bygger alltid på gedigen research."
"Grävande Reportrar","Björn af Kleen","Feature, makt och elit.","Dagens Nyheter (feature-reporter)","Känd för långa reportage om den svenska makteliten – adeln, finansfamiljer, politiska dynastier. Hans penna är skarp men elegant; han avslöjar ofta hyckleri eller maktmissbruk i samhällets toppskikt genom personporträtt (t.ex. om kungens vänner i Skandiaaffären, eller SD:s framgångsrika donatorer). Björn af Kleens texter läses flitigt av den politiskt intresserade allmänheten och han har fått stor respekt för att kasta ljus på de miljöer som annars undgår granskning."
"Nya Medieprofiler","Henrik Jönsson","Libertarianism/konservatism, systemkritik, entreprenörskap, teknik.","YouTube, Substack","En av de mest framträdande rösterna på den nya högern. Kritiserar vad han ser som statlig överreglering, ""woke""-kultur och medieetablissemanget. Hans position är starkt individualistisk och teknikoptimistisk."
"Nya Medieprofiler","Irena Požar","Samtidsanalys, feminism, kultur, politik ur ett yngre perspektiv.","Svenska Dagbladet (tidigare chefredaktör Veckorevyn)","En inflytelserik millenial-röst som ofta analyserar politik och samhälle utifrån ett feministiskt och kulturorienterat perspektiv. Skarp och ofta med ett underifrånperspektiv."
"Nya Medieprofiler","Kvartal (redaktionen)","Fördjupande samhällsanalys, idédebatt, mediekritik.","Podcast, webbplats","En plattform som intar en position mellan traditionell media och nya medier. Positionerar sig som ""förnuftig"" och ""nyanserad"" med en tydlig kritik mot vad de uppfattar som aktivism och bristande konsekvensanalys i etablerad media. Lutar generellt åt det liberalkonservativa hållet."
"Nya Medieprofiler","Hanif Bali","Politik, migration, konservatism.","X (Twitter), podcast","Högerorienterad, kritisk mot vänsterpolitik och ofta provokativ."
"Nya Medieprofiler","Chang Frick","Samhällsdebatt, politik, nyheter.","Nyheter Idag, YouTube","Högerpopulistisk, utmanar etablerade medier med alternativa vinklar."
"Nya Medieprofiler","Jonas Gardell","Kultur, politik, HBTQ-frågor.","Sociala medier, böcker","Vänsterliberal, engagerad i sociala rättvisefrågor med personlig touch."
"Nya Medieprofiler","Navid Modiri","Integration, dialog, samhälle.","Podcast, YouTube","Neutral, främjar samtal över politiska gränser."
"Nya Medieprofiler","Brit Stakston","Digitalisering, medier, demokrati.","Podcast, Substack","Liberal, expert på digitala medier och deras påverkan på samhället."
"Nya Medieprofiler","Aron Flam","Politik, humor, samhällskritik.","Podcast, YouTube","Libertariansk, använder satir för att kritisera etablissemanget."
"Nya Medieprofiler","Malena Ernman","Klimat, politik, kultur.","Sociala medier","Vänsterorienterad, engagerad i miljöfrågor."
"Nya Medieprofiler","Pascalidou Alexandra","Feminism, integration, kultur.","Podcast, Instagram","Liberal, fokuserar på mångfald och rättvisa."
"Nya Medieprofiler","Jens Ganman","Samhällskritik, politik.","YouTube, Substack","Högerkritisk mot mainstream media och politik."
"Nya Medieprofiler","Ebba Witt-Brattström","Feminism, litteratur, politik.","Podcast, sociala medier","Vänsterfeministisk, akademisk bakgrund i debatter."
"Nya Medieprofiler","Kakan Hermansson","Feminism, kultur, politik.","Podcast, Instagram","Radikal vänster, använder humor och provokation."
"Nya Medieprofiler","Viktor Adolphson","Polisfrågor, kriminalitet.","X (Twitter)","Konservativ, baserad på poliserfarenhet."
"Nya Medieprofiler","Soraya Hashim","Samhälle, integration.","Podcast","Liberal, fokuserar på mångkultur."
"Nya Medieprofiler","Thomas Gür","Politik, ekonomi.","Facebook, kolumner","Liberal-konservativ, invandringskritisk."
"Nya Medieprofiler","Amelia Andersdotter","Digitala rättigheter, politik.","Blogg, YouTube","Libertariansk, expert på internetfrihet."
"Nya Medieprofiler","Isabella Lövin","Klimat, politik.","Sociala medier","Miljöpartistisk, engagerad i hållbarhet."
"Nya Medieprofiler","Gustav Fridolin","Utbildning, politik.","Podcast","Vänsterliberal, fokus på skola."
"Nya Medieprofiler","Annie Lööf","Liberalism, entreprenörskap.","Instagram, X","Liberal, betonar landsbygd och företagande."
"Nya Medieprofiler","Jimmie Åkesson","Nationell politik, migration.","YouTube, X","Nationalkonservativ, leder SD-debatten."
"Nya Medieprofiler","Nooshi Dadgostar","Vänsterpolitik, jämlikhet.","Sociala medier","Socialistisk, fokuserar på arbetarrätt."
"Nya Medieprofiler","Emanuel Karlsten","Medier, teknik, internet.","Breakit, Mediepodden, frilans","Oberoende journalist specialiserad på sociala medier och digital kultur. Blev allmänt känd under pandemin genom att samla och analysera covid-statistik åt allmänheten via sin blogg, vilket gav honom enorm räckvidd online. Karlstens stil är nyfiken, förklarande och faktagranskande – han reder ut desinformation och följer trender på internet. Har också lett projekt som Medieakademins Maktbarometer. Ett respekterat namn inom både tech- och mediesfären."
"Nya Medieprofiler","Jack Werner","Källkritik, internetkultur.","Metro (fd. Viralgranskaren), DN, Podcast: Creepypodden","Prisbelönt pionjär inom källkritisk journalistik. Som medgrundare till Viralgranskaren (faktakoll av virala nyheter) satte han standarden för hur medier hanterar fake news. Werner skriver och föreläser om nätfenomen, ofta med anekdoter om myter på nätet. Han vann Stora Journalistpriset 2014 för detta arbete. Hans ton är folkbildande, lätt humoristisk men med allvarligt syfte att höja medvetenheten om desinformation."
"Nya Medieprofiler","Jörgen Huitfeldt","Politik, samhälle.","Kvartal (chefredaktör, poddintervjuare)","Före detta Ekot-journalist som nu leder den oberoende långformsajten Kvartal. Genom podden Fredagsintervjun har han gjort sig känd för långa, fördjupande samtal med makthavare och tänkare, utan snuttifiering. Han värnar sakligheten och låter gästen utveckla resonemang, men ifrågasätter kritiskt när så behövs. Politisk obundenhet är hans signum – Kvartal lockar både höger- och vänsterpublik med sitt devot neutrala anslag."
"Nya Medieprofiler","Staffan Dopping","Media, politik.","Kvartal (podd), Timbro Smedjan (redaktör)","Veteran från radio (SR Ekot) som blivit en tongivande mediekommentator. Hos Timbro och Kvartal analyserar han journalistikens roll, vinklar och förtroende. Står för en liberal-konservativ mediekritik, t.ex. om “åsiktskorridoren” och public service. Doppings ton är resonabel och faktarik. Genom poddar och artiklar påverkar han diskussionen om mediernas ansvar och trovärdighet."
"Nya Medieprofiler","Katerina Janouch","Samhälle, invandring, kulturkritik.","Egna kanaler (blogg, YouTube), tidigare Expressen (krönikör)","En före detta etablerad författare/sexrådgivare som under 2016–2025 svängde till att bli en framträdande invandringskritisk opinionsbildare i alternativa medier. Hon har gjort sig känd som en kontroversiell debattör, ofta spridande alarm om svensk integrationspolitik och mainstream-medier. Janouchs stil är emotionell och polemisk; hon mobiliserar en följarskara inom den högerpopulistiska sfären, men hennes uttalanden om “svensk kollaps” har också fått starkt mothugg i traditionella medier."
"Nya Medieprofiler","Mats Dagerlind","Invandring, brott, opinion.","Samnytt (chefredaktör)","Centralgestalt i Samnytt (före detta Avpixlat), en invandringskritisk nyhetssajt. Dagerlind skriver hårdvinklade artiklar om brott kopplat till invandring och islam, i linje med nationalistisk agenda. Han är även aktiv på sociala medier där han ofta hamnar i bråk med journalister. Hans texter är ideologiskt drivna med alarmistisk ton. Även om Samnytts siffror är små jämfört med etablerad press har Dagerlind ett inflytande bland högeraktivister online."
"Nya Medieprofiler","Joakim Lamotte","Brottsrapportering, sociala medier.","Oberoende (Facebook, livestreams)","Sveriges mest kända “Swish-journalist”, som verkat utanför etablerade redaktioner. Via Facebook- livesändningar om våld, otrygghet och invandring nådde han hundratusentals följare – vid ett tillfälle över 280 000 följare på Facebook , en enorm räckvidd för en enskild journalist. Hans stil var konfrontativ och känsloladdad; han åkte till utsatta områden och sände live i väst, vilket gav både starkt stöd från fans och hård kritik om förenklingar. Lamotte personifierade en ny sorts journalistik i sociala medier , men avslutade 2022 sin karriär efter upplevda hot."
"Nya Medieprofiler","Frida Boisen","Digital kultur, sociala medier, lokaljournalistik.","GT/Expressen (tidigare chefredaktör GT), föreläsare","Blev känd som innovativ chefredaktör som satsade digitalt – hennes arbete i Göteborgstidningen gjorde att hon utsågs till en av mediesveriges mäktigaste . Frida har också profilerat sig som expert på sociala medier och digitalt beteende, bl.a. genom boken Digital succé. I sina krönikor och TV-framträdanden uppmanar hon folk att våga mer, vara snälla på nätet och kombinerar känslomässiga historier med handfasta råd."
"Nya Medieprofiler","Thomas Mattsson","Medier, pressfrihet.","Expressen (tidigare chefredaktör)","Långvarig chefredaktör (2009–2019) som moderniserade Expressen digitalt. Även om han inte var frontskribent under sin tid, deltog han aktivt i mediedebatten om pressetik, källskydd och digital omställning. Hans blogginlägg och krönikor om mediefrågor lästes av branschfolk. Mattsson sågs som en försvarare av en fri och granskande kvällstidningsjournalistik, och under hans ledning ökade Expressens digitala räckvidd kraftigt."
"Nya Medieprofiler","Jan Helin","Medier, public service.","SVT (programdirektör), tidigare Aftonbladet (chefredaktör)","Som AB:s chefredaktör 2008–2016 var Helin en central makthavare i mediesverige. Han profilerade tidningen med en mix av socialt engagerade kampanjer och digital innovation (AB blev störst online under hans tid ). Nu i SVT diskuterar han ofta public service-roll och etik. Helins egna texter är få, men hans intervjuer och framträdanden (t.ex. i Min sanning) ger insikter i medieutvecklingen. Ideologiskt försvarar han publicistisk frihet och ansvarsfull journalistik."
"Nya Medieprofiler","Björn Häger","Journalistetik, metod.","Publicistklubben (ordf.), författare","En profil inom journalistkåren känd för att utbilda och debattera om etik och metod. Skrivit handböcker i journalistik och leder Publicistklubben i diskussioner om offentlighet, integritet och fake news. Häger framträder i branschmedier snarare än för allmänheten, men är högt aktad bland kollegor. Han företräder ofta journalistkårens perspektiv i offentlig debatt, t.ex. försvar av tuffa intervjuer eller kritik mot politikerförakt mot media."
"Nya Medieprofiler","Rebecca Weidmo Uvell","Näringsliv, politik, “slöseri”.","Oberoende (blogg “Uvell.se”)","En borgerlig opinionsbildare som via sin blogg och sociala medier jagar vad hon ser som vänstervridningar och slöseri med skattemedel. Uvell publicerar grävande inlägg om allt från bidragsfusk till public service-kostnader, ofta med syfte att väcka indignation hos borgerliga sympatisörer. Hennes ton är polemisk och ibland spydig. Hon saknar den stora pressens plattform men har byggt en egen där blogginlägg kan nå tiotusentals och ibland plockas upp av politiker i debatter."
"Nya Medieprofiler","Ingrid Carlqvist","(F.d. mainstream, numera konspirationsteorier).","Oberoende (egna bloggar, poddar)","Tidigare journalist på etablerade tidningar som Kvällsposten, men gick långt ut på högerkanten och driver numera bloggar som sprider invandringsfientliga konspirationsteorier. Hon har samarbetat med alternativmedier och blivit en profil inom yttersta högern, inklusive internationella sammanhang (alt-right). Hennes retorik är starkt islamkritisk och anti- etablissemang. Trots att hon är utfryst ur mainstream har hon en nischad men lojal följarskara online."
"Nya Medieprofiler","Nils Funcke","Tryckfrihet, offentlighet.","Journalist & expert (frilans, lärare)","Sveriges kanske främsta expert på yttrande- och tryckfrihetslagar. Funcke syns ofta i medier när frågor om offentlighet eller medieetik är på tapeten. Han skriver sakliga debattinlägg och rapporter om t.ex. offentlighet, meddelarskydd, sekretess och tryckfrihetsförordningen. Genom sin djupa kunskap påverkar han lagstiftning och praxis – han var t.ex. drivande i debatten att bevara offentlighetsprincipen i digital tid. En “journalisternas journalist” i källskyddsfrågor."
"Utrikeskorrespondenter","Magda Gad","Utrikes, krigskorrespondens, humanitärt.","Expressen (krigskorrespondent, numera egen plattform “Gad”)","En hyllad krigskorrespondent som rapporterat direkt från frontlinjer i Syrien, Irak och Afghanistan. Känd för sin orädda närvaro i konfliktzoner och nära skildringar av civilas perspektiv . Hennes journalistik är empatiskt berättande men också faktatung. Ideologiskt driver hon ingen partipolitik, men hon kritiserar västvärldens passivitet vid humanitära kriser. Mycket stor digital följarbas – hon har använt sociala medier för direktrapportering och byggt ett förtroende som en oberoende, pålitlig röst i krigsrapporteringen."
"Utrikeskorrespondenter","Cecilia Uddén","Utrikes, Mellanöstern.","Sveriges Radio (SR) (utrikeskorrespondent)","Veteranreporter och en av SR:s mest kända röster. Sedan decennier baserad i Mellanöstern och bevakar regionens konflikter och samhällen med djup kunskap. Hennes rapporter från krig, revolutioner och vardagsliv är levande berättade och nyanserade. Som journalist står hon för public service-ideal: opartiskhet och humanism. Hennes reportage får stort genomslag och hon anses bygga broar av förståelse för Mellanöstern i svensk kontext."
"Utrikeskorrespondenter","Carina Bergfeldt","Utrikes (USA), samhälle.","SVT (tidigare USA- korrespondent; programledare Carina Bergfeldt)","Prisbelönt reporter som slog igenom på Aftonbladet och blev välkänd som SVT:s USA- korrespondent 2016–2020 . Hennes reportage skildrade amerikanskt samhällsliv och politik med både värme och skärpa – hon vann Stora Journalistpriset för reportage om en masskjutning. Numera talkshow-värd i SVT där hon med sin journalistiska bakgrund når bred publik; hon behåller ett empatiskt, engagerat tilltal. Stilmässigt personlig men faktabaserad, med hjärta för “vanliga människors” berättelser."
"Utrikeskorrespondenter","Samir Abu Eid","Utrikes, konfliktbevakning.","SVT (utrikeskorrespondent, Mellanöstern/EU)","Erfaren utrikesreporter som bevakat Arabiska våren, Syrienkriget, Ukrainakriget m.m. Hans kännetecken är lugna, informativa rapporter från kaotiska händelser, alltid med försök att ge kontext. Opolitisk i ton men med mänskligt engagemang för drabbade. Har via SVT Nyheter stort genomslag – många svenskar får världsnyheter genom Abu Eids ögon."
"Utrikeskorrespondenter","Wolfgang Hansson","Utrikespolitik, säkerhet.","Aftonbladet (utrikeskommentator)","Mångårig utrikesanalytiker som förklarar världen för AB:s läsare. Fokus på USA, Ryssland, EU och globala konflikter. Hans ton är pedagogisk men tar tydlig ställning för demokrati och mot auktoritära ledare. T.ex. var han tidigt kritisk mot Putin och har följt kriget i Ukraina noga i sina texter. Genom AB (Sveriges största nyhetssajt ) når hans analyser enorm publik dagligen."
"Utrikeskorrespondenter","Katrine Marçal","Ekonomi, utrikes.","Dagens Nyheter (korrespondent London), tidigare Aftonbladet","Tongivande ekonomijournalist med feministisk vinkel. Hennes internationella perspektiv (bas i London) ger svenska läsare insyn i allt från brittisk politik till Silicon Valley. Känd för boken Vem lagade Adam Smiths middag? om kvinnors roll i ekonomin. Marçal argumenterar att ekonomin inte är könsneutral och lyfter ofta klimat och jämställdhet i sina analyser. Stilistiskt skarp, lätt provokativ och tänkvärd."
"Utrikeskorrespondenter","Ginna Lindberg","Utrikes (USA).","Sveriges Radio (utrikeschef, tidigare USA-korrespondent)","En av SR:s mest välkända korrespondenter under 2010-talet med flera perioder i Washington. Ginna förklarade amerikansk politik för radiopubliken med stor pedagogik – hennes inslag inför och efter Trumps val 2016 var mycket uppskattade. Nu som utrikeschef hörs hon ofta i SR-poddar (t.ex. USApodden). Hon är neutral och saklig, men brinner för att lyfta fram kvinnors historier (hon fick Stora Journalistpriset 2013 för reportageserien “Kvinnors krig”)."
"Utrikeskorrespondenter","Stefan Borg","Utrikes, krig, breaking news.","TV4 Nyheterna (utrikesreporter)","TV4:s mest profilerade utrikesreporter, med otaliga insatser från krig och katastrofer (Mellanöstern, Afrika, USA m.m.). Borg är tryggheten själv i rutan – levererar snabba nyheter med lugn röst, samtidigt som han ofta finns på plats i farozoner. I rapporteringen kring t.ex. 11 september, tsunamin 2004 eller invasionen av Ukraina 2022, var han ett bekant ansikte. Apolitiskt nyhetsfokus men med medmänskligt anslag."
"Utrikeskorrespondenter","Therese Larsson Hultin","Utrikespolitik (Europa, USA).","Svenska Dagbladet (utrikesanalytiker)","SvD:s utrikeskommentator som oftast syns i spalter kallade “Analys”. Hon specialbevakar Europa, exempelvis val i Frankrike, Brexit-följder, tyska energipolitiken – alltid med fokus på hur det påverkar Sverige. Även aktiv under USA-val. Hennes ton är saklig och pedagogisk; hon reder ut komplicerade skeenden med klara slutsatser. En pålitlig röst för dem som vill förstå omvärlden bortom rubrikerna."
"Utrikeskorrespondenter","Nivette Dawod","Utrikes, breaking news (Mellanöstern, Corona).","Aftonbladet (nyhetsreporter)","Hon gjorde sig ett namn som en av AB:s mest synliga reportrar under corona-pandemin – Dagligen svarade hon på läsarfrågor om covid i direktsändningar och artiklar . Dawod bevakar även Mellanöstern och globala kriser. Hon presenterar nyheter snabbt men grundligt, och blev under 2020 ett av ansiktena för AB:s nyhetsrapportering, vilket bidrog till stor läsekontakt och förtroende under krisen."
"Kulturjournalister","Björn Wiman","Kultur, klimat, samhälle.","Dagens Nyheter (kulturchef)","En drivande kulturjournalist som gjort klimatet till en hjärtefråga. Hans söndagsessäer och krönikor knyter ihop kulturfenomen med etik och politik. Wiman argumenterar humanistiskt och moraliskt, ofta om faran med antisemitism eller vikten av klimatkamp. Ideologiskt liberal-humanist, med en alarmistisk ton i klimatfrågan som engagerar många läsare."
"Kulturjournalister","Fredrik Strage","Popkultur, musik, nöje.","Dagens Nyheter (krönikör)","En av landets mest välprofilerade popkulturjournalister. Hans fredagskrönikor om musik och subkulturer har stor följarskara. Med humor och encyklopedisk kunskap förmedlar Strage insikter om allt från black metal till tv-serier. Politisk ton underordnas kulturell analys, men han tar ofta ställning mot inskränkthet och hyllar mångfald i kulturlivet."
"Kulturjournalister","Jens Liljestrand","Kultur, samhälle.","Expressen (författare, krönikör)","En framträdande litteraturkritiker och krönikör som rör sig mellan kultur och politik. Hans tongång är intellektuell men vass; han skrev t.ex. mycket om klimat och manlighet (med romanen Även om allt tar slut). Han driver ibland debatter (som om “kulturmannen”) och ses som en liberal kulturröst med betoning på personligt ansvar och civilkurage."
"Kulturjournalister","Elisabeth Åsbrink","Kultur, historia, politik.","Frilans (författare, kolumnist i GP/ Expressen)","En prisad journalist och författare som också skrivit kolumner med moraliskt djup om antisemitism, nationalism och Europas historia. Hennes perspektiv som barn till förintelseöverlevare ger tyngd när hon varnar för extremism eller historielöshet. Texterna är essäistiska, långsamma, och syftar till eftertanke. Hon har belönats med Stora Journalistpriset (2013) för sakprosa."
"Kulturjournalister","Cecilia Hagen","Nöje, vardagsbetraktelser.","Expressen (kolumnist)","Legendarisk kolumnist som i decennier kommenterat allt från kungahuset till dammråttor under soffan med kvick humor. Hennes kåserier – ofta i form av Q&A med sig själv – är lättsmälta men träffande och har bred läsekrets bland framförallt kvinnliga läsare. Under 2022 hamnade hon i rubriker för en råttmetafor om SD:s väljare, vilket visade att hennes penna fortfarande kan väcka debatt. Hon är i grunden liberal och står för en urban, kosmopolitisk livssyn med skarp tunga mot inskränkthet."
"Kulturjournalister","Göran Rosenberg","Samhälle, historia, judiska frågor.","Författare, frilanskrönikör (bl.a. DN, SVT Opinion)","En senior journalist och författare som är en av de mest respekterade intellektuella rösterna i Sverige. Rosenberg skriver långsamt genomtänkta texter om t.ex. Israel-Palestina, existentialism i det moderna samhället och demokratins utmaningar. Han förenar personlig berättelse med analys – som i boken Ett kort uppehåll på vägen från Auschwitz. Hans hållning är humanistisk och han manar ofta till eftertanke snarare än snabba slutsatser."
"Sportjournalister","Erik Niva","Sport (fotboll), samhälle.","Aftonbladet (Sportbladet krönikör), Viaplay (expert)","Sveriges mest lästa sportjournalist, känd för att ge fotboll en kulturell och social kontext. Niva skriver med berättarglädje och analys om fotbollens betydelse – från arbetarhistorien i engelska ligan till förortens roll i svensk talangutveckling. Han har vunnit läsarpriset Guldskölden många gånger och hyllas för  insiktsfulla analyser och engagerande berättande . Hans krönikor läses av långt fler än sportnörden; han knyter sporten till politik och identitet på ett unikt sätt."
"Sportjournalister","Simon Bank","Sport (fotboll), kultur.","Aftonbladet (Sportbladet krönikör)","En annan tongivande fotbollskrönikör med litterär ådra. Bank varvar matchanalyser med bredare betraktelser om exempelvis supporterkultur, korruption i FIFA eller fotbollens estetik. Hans språk är färgstarkt och bildat, han citerar poesi likaväl som matchstatistik. Tillsammans med Niva har han breddat sportjournalistiken till att uppskattas även även av kulturintresserade läsare."
"Sportjournalister","Johan Esk","Sport (allmänt, OS), Stockholmsperspektiv.","Dagens Nyheter (sportkrönikör)","DN:s sportkrönikör med särskild kärlek till friidrott och hockey. Esk är känd för sina OS-krönikor – han skriver målande om svenska medaljhopp och nederlag med ett patriotiskt men ändå kritiskt öga. Har också engagerat sig i Stockholms arenafrågor och idrottspolitik. Språket är rakt och medryckande. Bland DN:s mest lästa artiklar under OS-år brukar Esk ligga i topp."
"Medieanalytiker","Lars Truedson","Medieanalys, journalistik.","Medierna i P1 (programledare),  Institutet för Mediastudier","Driver radioprogrammet “Medierna” som granskar journalistiken själv – ett smalt men inflytelserikt forum som blottlägger mediers felsteg och etiska dilemman. Truedson är saklig, ställer tuffa frågor till kollegor och chefer i branschen. Genom Mediestudier publicerar han också rapporter om t.ex. journalistikens oberoende och lokaljournalistikens kris. Hans arbete har indirekt effekt på allmänhetens medieförtroende och intern självkritik i redaktioner."
"Medieanalytiker","Cissi Elwin","Ledarskap, arbetsliv.","Tidningen Chef (chefredaktör)","Tidigare SVT-profil som nu leder Skandinaviens största ledarskapsmagasin. Hon skriver och talar om ledarskap, jämställdhet i arbetslivet och personlig utveckling. Genom Chef når hon chefer och HR, men också via podd och konferenser sprider hon insikter. Hennes ton är inspirerande och konkret. Hon lyfter fram framgångsexempel och nya rön inom psykologin för att främja ett mer mänskligt och effektivt arbetsliv."
"Övriga Journalister","Malou von Sivers","Samhälle, hälsa, intervjuer.","TV4 (programledare Malou efter tio)","En av TV4:s mest långlivade journalister, som under decennier intervjuat människor i det mjuka morgonprogramformatet. Malou blandar kändisar med vardagshjältar och experter, i samtal om allt från medicinska rön till livskriser. Hon har ibland kritiserats för kontroversiella inslag, men hennes program når en stor publik och hon har belönats med Lukas Bonniers Stora Journalistpris (2014) för sitt intervjuföretag. Malous stil är empatisk och nyfiken, vilket får gäster att öppna sig."
"Övriga Journalister","Stefan “Steffo” Törnquist","Underhållning, samhälle.","TV4 (Nyhetsmorgon)","Journalist och programledare som blivit folkkär via morgon-tv. Steffo har en bakgrund inom nyheter, men är mest känd för lättsammare inslag om mat, dryck och livsnjutning i Nyhetsmorgon. Han gör även samhällsintervjuer i samma program, dock med charmigt anslag. Hans närvaro i rutan bidrar till TV4:s stora morgonpublik, och han har släppt böcker i journalistisk anda om whisky och cigarrer."
"Övriga Journalister","Jan-Olov Andersson","Nöje, film, tv.","Aftonbladet (nöjesreporter, krönikör)","En veteran i nöjesjournalistiken som bevakat film, tv och kändisar i över 30 år. Hans filmrecensioner och Oscars-bevakningar är standard för AB-läsarna, liksom hans rapporter från Melodifestivalen och kungliga bröllop. Stilen är lättsam, ofta med personliga åsikter och glimten i ögat. Även om nöjesjournalistik kanske inte anses “tung” har Jan- Olov en stor publik – svenskarnas intresse för film och tv gör att hans texter hör till de mest klickade på nöjessidorna."